collected_at,observed_at,location,latitude,longitude,temperature_c,apparent_temperature_c,relative_humidity_pct,precipitation_mm,weather_code
2026-08-27T10:28:24+09:00,2026-08-27T10:15,진주,35.1800,128.1076,29.5,36.3,78,0.0,1
2026-08-27T10:50:30+09:00,2026-08-27T10:45,진주,35.1800,128.1076,30.0,37.0,78,0.0,1
2026-08-28T16:05:49+09:00,2026-08-28T16:00,진주,35.1800,128.1076,27.1,33.9,95,0.4,61
2026-08-29T06:56:55+09:00,2026-08-29T06:45,진주,35.1800,128.1076,25.5,31.2,97,0.0,1
2026-08-29T07:18:47+09:00,2026-08-29T07:15,진주,35.1800,128.1076,25.9,31.8,97,0.0,1
2026-08-29T08:18:30+09:00,2026-08-29T08:15,진주,35.1800,128.1076,27.6,33.5,90,0.0,1
2026-08-29T09:18:39+09:00,2026-08-29T09:15,진주,35.1800,128.1076,28.8,34.8,85,0.0,0
2026-08-29T10:18:40+09:00,2026-08-29T10:15,진주,35.1800,128.1076,29.9,35.8,80,0.0,1
2026-08-29T11:18:36+09:00,2026-08-29T11:15,진주,35.1800,128.1076,30.5,36.3,78,0.0,2
2026-08-29T12:18:37+09:00,2026-08-29T12:15,진주,35.1800,128.1076,30.9,36.6,77,0.0,1
2026-08-29T13:18:44+09:00,2026-08-29T13:15,진주,35.1800,128.1076,31.3,37.0,76,0.0,1
2026-08-29T14:18:55+09:00,2026-08-29T14:15,진주,35.1800,128.1076,31.4,37.0,76,0.1,51
2026-08-29T15:18:54+09:00,2026-08-29T15:15,진주,35.1800,128.1076,30.6,36.1,78,0.0,1
2026-08-29T16:19:52+09:00,2026-08-29T16:15,진주,35.1800,128.1076,29.3,35.4,85,0.0,1
2026-08-29T17:18:48+09:00,2026-08-29T17:15,진주,35.1800,128.1076,29.7,35.2,82,0.0,1
2026-08-29T18:18:48+09:00,2026-08-29T18:15,진주,35.1800,128.1076,28.9,34.8,85,0.0,1
2026-08-29T19:19:39+09:00,2026-08-29T19:15,진주,35.1800,128.1076,27.9,34.1,89,0.0,1
2026-08-29T20:18:31+09:00,2026-08-29T20:15,진주,35.1800,128.1076,27.1,33.7,94,0.0,1
2026-08-29T21:18:47+09:00,2026-08-29T21:15,진주,35.1800,128.1076,26.6,33.2,96,0.0,1
2026-08-29T22:18:39+09:00,2026-08-29T22:15,진주,35.1800,128.1076,25.9,31.9,96,0.0,1
2026-08-29T23:18:44+09:00,2026-08-29T23:15,진주,35.1800,128.1076,25.4,31.3,97,0.0,1
2026-08-30T00:18:34+09:00,2026-08-30T00:15,진주,35.1800,128.1076,25.3,31.0,97,0.0,1
2026-08-30T01:18:34+09:00,2026-08-30T01:15,진주,35.1800,128.1076,25.1,30.6,97,0.0,1
2026-08-30T02:18:47+09:00,2026-08-30T02:15,진주,35.1800,128.1076,24.6,29.9,97,0.0,0
2026-08-30T03:18:52+09:00,2026-08-30T03:15,진주,35.1800,128.1076,24.3,29.4,97,0.0,0
2026-08-30T04:18:46+09:00,2026-08-30T04:15,진주,35.1800,128.1076,24.3,29.6,98,0.0,0
2026-08-30T05:18:44+09:00,2026-08-30T05:15,진주,35.1800,128.1076,23.9,29.3,99,0.0,1
2026-08-30T06:18:48+09:00,2026-08-30T06:15,진주,35.1800,128.1076,24.0,29.9,99,0.0,1
2026-08-30T07:19:02+09:00,2026-08-30T07:15,진주,35.1800,128.1076,24.3,30.2,99,0.0,3
2026-08-30T08:18:41+09:00,2026-08-30T08:15,진주,35.1800,128.1076,25.3,31.7,98,0.0,2
2026-08-30T09:18:40+09:00,2026-08-30T09:15,진주,35.1800,128.1076,27.2,33.9,89,0.0,1
2026-08-30T10:18:52+09:00,2026-08-30T10:15,진주,35.1800,128.1076,29.6,36.3,81,0.0,1
2026-08-30T11:18:41+09:00,2026-08-30T11:15,진주,35.1800,128.1076,30.7,37.0,76,0.0,1
2026-08-30T12:18:34+09:00,2026-08-30T12:15,진주,35.1800,128.1076,31.0,37.8,77,0.1,51
2026-08-30T13:18:50+09:00,2026-08-30T13:15,진주,35.1800,128.1076,30.7,37.5,78,0.1,51
2026-08-30T14:18:50+09:00,2026-08-30T14:15,진주,35.1800,128.1076,31.1,37.8,78,0.1,51
2026-08-30T15:18:50+09:00,2026-08-30T15:15,진주,35.1800,128.1076,30.5,36.9,80,0.1,51
2026-08-30T16:18:42+09:00,2026-08-30T16:15,진주,35.1800,128.1076,30.7,36.8,78,0.0,1
2026-08-30T17:18:43+09:00,2026-08-30T17:15,진주,35.1800,128.1076,30.2,36.4,79,0.0,1
2026-08-30T18:18:47+09:00,2026-08-30T18:15,진주,35.1800,128.1076,29.2,35.5,83,0.0,1
2026-08-30T19:18:46+09:00,2026-08-30T19:15,진주,35.1800,128.1076,27.4,33.9,92,0.0,1
2026-08-30T20:18:48+09:00,2026-08-30T20:15,진주,35.1800,128.1076,26.8,33.2,93,0.0,1
2026-08-30T21:18:49+09:00,2026-08-30T21:15,진주,35.1800,128.1076,26.5,32.6,94,0.0,1
2026-08-30T22:18:37+09:00,2026-08-30T22:15,진주,35.1800,128.1076,25.9,31.9,96,0.0,1
2026-08-30T23:18:44+09:00,2026-08-30T23:15,진주,35.1800,128.1076,25.5,31.5,97,0.0,1
2026-08-31T00:18:55+09:00,2026-08-31T00:15,진주,35.1800,128.1076,25.3,31.3,98,0.0,1
2026-08-31T01:18:43+09:00,2026-08-31T01:15,진주,35.1800,128.1076,25.2,31.0,98,0.0,1
2026-08-31T02:18:41+09:00,2026-08-31T02:15,진주,35.1800,128.1076,24.8,30.6,98,0.1,51
2026-08-31T03:18:44+09:00,2026-08-31T03:15,진주,35.1800,128.1076,24.9,30.8,97,0.1,51
2026-08-31T04:18:48+09:00,2026-08-31T04:15,진주,35.1800,128.1076,24.5,30.1,98,0.2,53
2026-08-31T05:18:44+09:00,2026-08-31T05:15,진주,35.1800,128.1076,24.3,29.9,99,0.1,51
2026-08-31T06:18:43+09:00,2026-08-31T06:15,진주,35.1800,128.1076,24.5,30.2,98,0.0,1
2026-08-31T07:18:44+09:00,2026-08-31T07:15,진주,35.1800,128.1076,25.8,31.5,95,0.0,1
2026-08-31T08:18:37+09:00,2026-08-31T08:15,진주,35.1800,128.1076,27.3,33.3,92,0.0,0
2026-08-31T09:18:49+09:00,2026-08-31T09:15,진주,35.1800,128.1076,28.9,34.3,84,0.0,1
2026-08-31T10:18:41+09:00,2026-08-31T10:15,진주,35.1800,128.1076,30.2,35.1,76,0.0,0
2026-08-31T11:18:49+09:00,2026-08-31T11:15,진주,35.1800,128.1076,31.1,36.5,74,0.0,0
2026-08-31T12:18:48+09:00,2026-08-31T12:15,진주,35.1800,128.1076,31.5,37.3,73,0.0,0
2026-08-31T13:18:51+09:00,2026-08-31T13:15,진주,35.1800,128.1076,31.7,37.4,72,0.0,0
2026-08-31T14:18:34+09:00,2026-08-31T14:15,진주,35.1800,128.1076,31.3,36.4,72,0.0,1
2026-08-31T15:18:53+09:00,2026-08-31T15:15,진주,35.1800,128.1076,31.0,35.4,72,0.0,1
2026-08-31T16:18:49+09:00,2026-08-31T16:15,진주,35.1800,128.1076,30.1,34.7,75,0.0,3
2026-08-31T17:18:51+09:00,2026-08-31T17:15,진주,35.1800,128.1076,29.3,34.1,78,0.0,1
2026-08-31T18:19:02+09:00,2026-08-31T18:15,진주,35.1800,128.1076,28.2,33.2,81,0.0,1
2026-08-31T19:18:51+09:00,2026-08-31T19:15,진주,35.1800,128.1076,27.0,32.1,85,0.0,1
2026-08-31T20:19:00+09:00,2026-08-31T20:15,진주,35.1800,128.1076,26.2,31.4,88,0.0,2
2026-08-31T21:18:46+09:00,2026-08-31T21:15,진주,35.1800,128.1076,25.5,30.8,92,0.0,1
2026-08-31T22:18:46+09:00,2026-08-31T22:15,진주,35.1800,128.1076,24.9,30.0,94,0.0,0
2026-08-31T23:18:50+09:00,2026-08-31T23:15,진주,35.1800,128.1076,24.7,29.5,93,0.0,0
2026-09-01T00:18:54+09:00,2026-09-01T00:15,진주,35.1800,128.1076,24.3,28.8,94,0.0,0
2026-09-01T01:18:51+09:00,2026-09-01T01:15,진주,35.1800,128.1076,23.9,28.4,94,0.0,0
2026-09-01T02:18:47+09:00,2026-09-01T02:15,진주,35.1800,128.1076,23.6,28.2,94,0.0,1
2026-09-01T03:18:41+09:00,2026-09-01T03:15,진주,35.1800,128.1076,23.9,28.8,92,0.0,1
2026-09-01T04:18:40+09:00,2026-09-01T04:15,진주,35.1800,128.1076,22.8,26.9,96,0.0,0
2026-09-01T05:18:47+09:00,2026-09-01T05:15,진주,35.1800,128.1076,22.8,27.0,95,0.0,0
2026-09-01T06:18:39+09:00,2026-09-01T06:15,진주,35.1800,128.1076,22.7,26.6,95,0.0,1
2026-09-01T07:18:35+09:00,2026-09-01T07:15,진주,35.1800,128.1076,23.7,28.5,94,0.0,1
2026-09-01T08:18:34+09:00,2026-09-01T08:15,진주,35.1800,128.1076,25.6,31.7,92,0.0,1
2026-09-01T09:35:11+09:00,2026-09-01T09:30,진주,35.1800,128.1076,28.2,34.4,83,0.0,0
2026-09-01T10:22:53+09:00,2026-09-01T10:15,진주,35.1800,128.1076,29.5,35.6,78,0.0,1
2026-09-01T11:23:56+09:00,2026-09-01T11:15,진주,35.1800,128.1076,29.9,35.1,75,0.0,2
2026-09-01T12:25:21+09:00,2026-09-01T12:15,진주,35.1800,128.1076,28.9,34.4,79,0.0,2
2026-09-01T13:24:43+09:00,2026-09-01T13:15,진주,35.1800,128.1076,28.4,33.6,84,0.3,55
2026-09-01T14:24:06+09:00,2026-09-01T14:15,진주,35.1800,128.1076,28.9,34.2,82,0.1,51
2026-09-01T15:31:02+09:00,2026-09-01T15:30,진주,35.1800,128.1076,29.5,35.4,82,0.1,51
2026-09-01T16:25:14+09:00,2026-09-01T16:15,진주,35.1800,128.1076,28.8,34.3,83,0.0,1
2026-09-01T17:27:30+09:00,2026-09-01T17:15,진주,35.1800,128.1076,28.7,34.5,84,0.0,1
2026-09-01T18:25:36+09:00,2026-09-01T18:15,진주,35.1800,128.1076,27.9,33.9,87,0.0,1
2026-09-01T19:28:10+09:00,2026-09-01T19:15,진주,35.1800,128.1076,26.7,32.8,92,0.0,2
2026-09-01T20:24:12+09:00,2026-09-01T20:15,진주,35.1800,128.1076,26.3,32.1,92,0.0,2
2026-09-01T21:30:30+09:00,2026-09-01T21:30,진주,35.1800,128.1076,25.4,31.1,95,0.0,1
2026-09-01T22:25:32+09:00,2026-09-01T22:15,진주,35.1800,128.1076,25.1,30.5,94,0.0,2
2026-09-01T23:26:08+09:00,2026-09-01T23:15,진주,35.1800,128.1076,24.5,29.6,96,0.0,1
2026-09-02T00:43:49+09:00,2026-09-02T00:30,진주,35.1800,128.1076,24.1,29.0,98,0.0,1
2026-09-02T01:41:50+09:00,2026-09-02T01:30,진주,35.1800,128.1076,24.0,29.2,99,0.0,1
2026-09-02T02:23:39+09:00,2026-09-02T02:15,진주,35.1800,128.1076,23.4,28.3,99,0.0,1
2026-09-02T03:28:33+09:00,2026-09-02T03:15,진주,35.1800,128.1076,23.1,27.7,99,0.0,1
2026-09-02T04:22:08+09:00,2026-09-02T04:15,진주,35.1800,128.1076,23.0,27.7,99,0.0,3
2026-09-02T05:23:58+09:00,2026-09-02T05:15,진주,35.1800,128.1076,23.0,27.9,99,0.0,3
2026-09-02T06:23:41+09:00,2026-09-02T06:15,진주,35.1800,128.1076,23.1,28.4,99,0.0,3
2026-09-02T07:22:35+09:00,2026-09-02T07:15,진주,35.1800,128.1076,23.1,28.5,99,0.0,3
2026-09-02T08:20:25+09:00,2026-09-02T08:15,진주,35.1800,128.1076,23.6,29.2,99,0.0,3
2026-09-02T09:33:17+09:00,2026-09-02T09:30,진주,35.1800,128.1076,26.2,32.4,91,0.0,2
2026-09-02T10:22:08+09:00,2026-09-02T10:15,진주,35.1800,128.1076,27.8,34.1,82,0.0,0
2026-09-02T11:37:06+09:00,2026-09-02T11:30,진주,35.1800,128.1076,29.8,36.4,73,0.0,1
2026-09-02T12:24:03+09:00,2026-09-02T12:15,진주,35.1800,128.1076,30.5,36.7,69,0.0,1
2026-09-02T13:26:34+09:00,2026-09-02T13:15,진주,35.1800,128.1076,31.2,37.3,66,0.0,1
2026-09-02T14:27:20+09:00,2026-09-02T14:15,진주,35.1800,128.1076,31.2,36.7,67,0.0,1
2026-09-02T15:34:41+09:00,2026-09-02T15:30,진주,35.1800,128.1076,30.9,36.1,67,0.0,1
2026-09-02T16:25:03+09:00,2026-09-02T16:15,진주,35.1800,128.1076,30.5,35.6,69,0.0,1
2026-09-02T17:26:51+09:00,2026-09-02T17:15,진주,35.1800,128.1076,29.7,35.0,72,0.0,1
2026-09-02T18:25:09+09:00,2026-09-02T18:15,진주,35.1800,128.1076,28.5,34.6,80,0.0,1
2026-09-02T19:25:52+09:00,2026-09-02T19:15,진주,35.1800,128.1076,27.4,34.4,89,0.0,2
2026-09-02T20:24:42+09:00,2026-09-02T20:15,진주,35.1800,128.1076,26.4,32.4,92,0.0,2
2026-09-02T21:31:17+09:00,2026-09-02T21:30,진주,35.1800,128.1076,25.7,31.7,94,0.0,2
2026-09-02T22:26:24+09:00,2026-09-02T22:15,진주,35.1800,128.1076,25.4,31.1,94,0.0,1
2026-09-02T23:25:03+09:00,2026-09-02T23:15,진주,35.1800,128.1076,24.9,30.1,93,0.0,3
2026-09-03T00:29:37+09:00,2026-09-03T00:15,진주,35.1800,128.1076,24.5,29.5,93,0.0,3
2026-09-03T01:26:39+09:00,2026-09-03T01:15,진주,35.1800,128.1076,24.2,29.1,94,0.0,3
2026-09-03T02:23:11+09:00,2026-09-03T02:15,진주,35.1800,128.1076,23.8,28.7,95,0.0,2
2026-09-03T03:28:13+09:00,2026-09-03T03:15,진주,35.1800,128.1076,23.4,28.4,97,0.0,2
2026-09-03T04:22:04+09:00,2026-09-03T04:15,진주,35.1800,128.1076,23.3,28.3,98,0.0,2
2026-09-03T05:25:21+09:00,2026-09-03T05:15,진주,35.1800,128.1076,23.6,28.2,97,0.0,3
2026-09-03T06:23:07+09:00,2026-09-03T06:15,진주,35.1800,128.1076,23.8,28.5,96,0.0,2
2026-09-03T07:23:26+09:00,2026-09-03T07:15,진주,35.1800,128.1076,24.2,29.2,96,0.0,2
2026-09-03T08:21:52+09:00,2026-09-03T08:15,진주,35.1800,128.1076,25.1,30.3,93,0.0,2
2026-09-03T09:34:56+09:00,2026-09-03T09:30,진주,35.1800,128.1076,26.0,31.3,91,0.0,3
2026-09-03T10:27:48+09:00,2026-09-03T10:15,진주,35.1800,128.1076,26.7,32.2,89,0.0,2
2026-09-03T14:07:01+09:00,2026-09-03T14:00,진주,35.1800,128.1076,30.1,35.7,75,0.0,2
2026-09-03T14:43:08+09:00,2026-09-03T14:30,진주,35.1800,128.1076,30.1,35.4,73,0.0,1
2026-09-03T15:30:56+09:00,2026-09-03T15:30,진주,35.1800,128.1076,29.7,34.8,75,0.0,2
2026-09-03T16:25:26+09:00,2026-09-03T16:15,진주,35.1800,128.1076,29.2,34.4,76,0.0,2
2026-09-03T18:25:55+09:00,2026-09-03T18:15,진주,35.1800,128.1076,27.2,32.3,85,0.0,2
2026-09-03T19:25:57+09:00,2026-09-03T19:15,진주,35.1800,128.1076,25.6,29.0,83,0.0,1
2026-09-03T20:23:25+09:00,2026-09-03T20:15,진주,35.1800,128.1076,24.9,27.9,84,0.0,1
2026-09-03T21:31:22+09:00,2026-09-03T21:30,진주,35.1800,128.1076,24.2,26.9,83,0.0,1
2026-09-03T22:25:57+09:00,2026-09-03T22:15,진주,35.1800,128.1076,24.0,26.7,83,0.0,1
2026-09-03T23:26:36+09:00,2026-09-03T23:15,진주,35.1800,128.1076,23.7,26.4,83,0.0,1
2026-09-04T00:28:00+09:00,2026-09-04T00:15,진주,35.1800,128.1076,23.6,26.0,82,0.0,2
2026-09-04T01:25:35+09:00,2026-09-04T01:15,진주,35.1800,128.1076,23.6,25.9,82,0.0,2
2026-09-04T02:24:14+09:00,2026-09-04T02:15,진주,35.1800,128.1076,23.1,25.4,83,0.0,2
2026-09-04T03:28:00+09:00,2026-09-04T03:15,진주,35.1800,128.1076,22.9,25.0,84,0.0,1
2026-09-04T04:21:12+09:00,2026-09-04T04:15,진주,35.1800,128.1076,23.1,25.1,82,0.0,2
2026-09-04T05:23:34+09:00,2026-09-04T05:15,진주,35.1800,128.1076,22.9,24.7,81,0.0,1
2026-09-04T06:23:26+09:00,2026-09-04T06:15,진주,35.1800,128.1076,22.9,24.7,82,0.0,2
2026-09-04T07:23:14+09:00,2026-09-04T07:15,진주,35.1800,128.1076,23.1,24.9,82,0.0,2
2026-09-04T08:21:12+09:00,2026-09-04T08:15,진주,35.1800,128.1076,23.5,24.7,78,0.0,2
2026-09-04T09:32:02+09:00,2026-09-04T09:30,진주,35.1800,128.1076,24.7,25.7,73,0.0,1
2026-09-04T10:20:25+09:00,2026-09-04T10:15,진주,35.1800,128.1076,25.3,26.3,70,0.0,1
2026-09-04T11:24:23+09:00,2026-09-04T11:15,진주,35.1800,128.1076,26.3,27.6,68,0.0,1
2026-09-04T12:24:48+09:00,2026-09-04T12:15,진주,35.1800,128.1076,27.0,28.5,67,0.0,1
2026-09-04T13:24:50+09:00,2026-09-04T13:15,진주,35.1800,128.1076,27.4,28.9,66,0.0,1
2026-09-04T14:23:30+09:00,2026-09-04T14:15,진주,35.1800,128.1076,26.7,27.9,66,0.0,2
2026-09-04T15:29:31+09:00,2026-09-04T15:15,진주,35.1800,128.1076,26.6,27.8,67,0.0,1
2026-09-04T16:24:40+09:00,2026-09-04T16:15,진주,35.1800,128.1076,26.6,27.6,65,0.0,1
2026-09-04T17:26:38+09:00,2026-09-04T17:15,진주,35.1800,128.1076,25.7,26.8,67,0.0,0
2026-09-04T18:25:17+09:00,2026-09-04T18:15,진주,35.1800,128.1076,24.4,25.5,69,0.0,0
2026-09-04T19:25:25+09:00,2026-09-04T19:15,진주,35.1800,128.1076,23.1,24.3,73,0.0,0
2026-09-04T20:24:03+09:00,2026-09-04T20:15,진주,35.1800,128.1076,22.0,23.2,76,0.0,0
2026-09-04T21:30:33+09:00,2026-09-04T21:30,진주,35.1800,128.1076,21.1,22.5,80,0.0,0
2026-09-04T22:25:27+09:00,2026-09-04T22:15,진주,35.1800,128.1076,20.6,21.9,82,0.0,0
2026-09-04T23:24:28+09:00,2026-09-04T23:15,진주,35.1800,128.1076,20.3,21.6,84,0.0,0
2026-09-05T00:25:22+09:00,2026-09-05T00:15,진주,35.1800,128.1076,20.2,21.4,84,0.0,0
2026-09-05T01:25:24+09:00,2026-09-05T01:15,진주,35.1800,128.1076,19.8,20.9,84,0.0,0
2026-09-05T02:22:19+09:00,2026-09-05T02:15,진주,35.1800,128.1076,19.1,19.8,85,0.0,0
2026-09-05T03:25:15+09:00,2026-09-05T03:15,진주,35.1800,128.1076,19.0,19.8,86,0.0,0
2026-09-05T04:20:02+09:00,2026-09-05T04:15,진주,35.1800,128.1076,19.1,19.7,87,0.0,1
2026-09-05T05:23:51+09:00,2026-09-05T05:15,진주,35.1800,128.1076,19.4,19.9,85,0.0,0
2026-09-05T06:23:15+09:00,2026-09-05T06:15,진주,35.1800,128.1076,19.6,20.3,84,0.0,0
2026-09-05T07:22:53+09:00,2026-09-05T07:15,진주,35.1800,128.1076,20.5,21.7,82,0.0,0
2026-09-05T08:21:06+09:00,2026-09-05T08:15,진주,35.1800,128.1076,22.6,23.8,77,0.0,0
2026-09-05T09:33:36+09:00,2026-09-05T09:30,진주,35.1800,128.1076,24.8,26.3,73,0.0,0
2026-09-05T10:22:41+09:00,2026-09-05T10:15,진주,35.1800,128.1076,26.1,28.5,70,0.0,0
2026-09-05T11:23:44+09:00,2026-09-05T11:15,진주,35.1800,128.1076,27.6,30.3,64,0.0,0
2026-09-05T12:23:33+09:00,2026-09-05T12:15,진주,35.1800,128.1076,28.4,31.1,60,0.0,0
2026-09-05T13:23:37+09:00,2026-09-05T13:15,진주,35.1800,128.1076,28.9,31.5,59,0.0,1
2026-09-05T14:22:24+09:00,2026-09-05T14:15,진주,35.1800,128.1076,28.0,30.1,66,0.0,1
2026-09-05T15:27:42+09:00,2026-09-05T15:15,진주,35.1800,128.1076,27.2,29.1,69,0.0,1
2026-09-05T16:21:56+09:00,2026-09-05T16:15,진주,35.1800,128.1076,26.1,27.8,71,0.0,1
2026-09-05T17:23:45+09:00,2026-09-05T17:15,진주,35.1800,128.1076,25.4,27.0,71,0.0,1
2026-09-05T18:22:36+09:00,2026-09-05T18:15,진주,35.1800,128.1076,24.3,25.8,73,0.0,1
2026-09-05T19:22:25+09:00,2026-09-05T19:15,진주,35.1800,128.1076,23.2,24.4,74,0.0,1
2026-09-05T20:21:38+09:00,2026-09-05T20:15,진주,35.1800,128.1076,22.3,23.8,77,0.0,1
2026-09-05T21:27:16+09:00,2026-09-05T21:15,진주,35.1800,128.1076,21.8,23.4,80,0.0,1
2026-09-05T22:21:54+09:00,2026-09-05T22:15,진주,35.1800,128.1076,21.4,22.7,81,0.0,1
2026-09-05T23:22:25+09:00,2026-09-05T23:15,진주,35.1800,128.1076,21.1,22.4,81,0.0,1
2026-09-06T00:22:43+09:00,2026-09-06T00:15,진주,35.1800,128.1076,20.8,22.2,83,0.0,1
2026-09-06T01:23:19+09:00,2026-09-06T01:15,진주,35.1800,128.1076,20.6,22.0,84,0.0,1
2026-09-06T02:21:27+09:00,2026-09-06T02:15,진주,35.1800,128.1076,20.6,22.1,85,0.0,1
2026-09-06T03:24:41+09:00,2026-09-06T03:15,진주,35.1800,128.1076,20.7,22.3,85,0.0,1
2026-09-06T04:21:09+09:00,2026-09-06T04:15,진주,35.1800,128.1076,20.7,21.9,84,0.0,1
2026-09-06T05:22:57+09:00,2026-09-06T05:15,진주,35.1800,128.1076,20.5,21.5,84,0.0,1
2026-09-06T06:21:52+09:00,2026-09-06T06:15,진주,35.1800,128.1076,20.4,21.5,84,0.0,0
2026-09-06T07:21:59+09:00,2026-09-06T07:15,진주,35.1800,128.1076,21.1,22.3,83,0.0,1
2026-09-06T08:21:20+09:00,2026-09-06T08:15,진주,35.1800,128.1076,22.7,23.9,78,0.0,1
2026-09-06T09:36:33+09:00,2026-09-06T09:30,진주,35.1800,128.1076,24.4,25.7,73,0.0,1
2026-09-06T10:21:47+09:00,2026-09-06T10:15,진주,35.1800,128.1076,25.2,26.4,71,0.0,1
2026-09-06T11:24:07+09:00,2026-09-06T11:15,진주,35.1800,128.1076,26.3,27.8,68,0.0,1
2026-09-06T12:24:06+09:00,2026-09-06T12:15,진주,35.1800,128.1076,27.4,29.5,66,0.0,1
2026-09-06T13:24:20+09:00,2026-09-06T13:15,진주,35.1800,128.1076,27.6,29.4,67,0.0,1
2026-09-06T14:22:37+09:00,2026-09-06T14:15,진주,35.1800,128.1076,27.3,29.2,68,0.0,1
2026-09-06T15:28:31+09:00,2026-09-06T15:15,진주,35.1800,128.1076,27.5,28.8,65,0.0,1
2026-09-06T16:23:12+09:00,2026-09-06T16:15,진주,35.1800,128.1076,26.2,27.6,70,0.0,1
2026-09-06T17:25:12+09:00,2026-09-06T17:15,진주,35.1800,128.1076,25.2,26.6,73,0.0,1
2026-09-06T18:23:36+09:00,2026-09-06T18:15,진주,35.1800,128.1076,24.0,25.4,75,0.0,1
2026-09-06T19:23:34+09:00,2026-09-06T19:15,진주,35.1800,128.1076,23.2,24.5,76,0.0,1
2026-09-06T20:22:34+09:00,2026-09-06T20:15,진주,35.1800,128.1076,22.6,23.6,75,0.0,1
2026-09-06T21:28:06+09:00,2026-09-06T21:15,진주,35.1800,128.1076,22.1,23.0,76,0.0,1
2026-09-06T22:23:07+09:00,2026-09-06T22:15,진주,35.1800,128.1076,21.5,22.4,77,0.0,2
2026-09-06T23:23:11+09:00,2026-09-06T23:15,진주,35.1800,128.1076,21.2,22.1,78,0.0,1
2026-09-07T00:23:20+09:00,2026-09-07T00:15,진주,35.1800,128.1076,21.0,21.7,80,0.0,1
2026-09-07T01:24:19+09:00,2026-09-07T01:15,진주,35.1800,128.1076,20.9,21.7,81,0.0,1
2026-09-07T02:21:33+09:00,2026-09-07T02:15,진주,35.1800,128.1076,20.8,21.6,81,0.0,1
2026-09-07T03:25:08+09:00,2026-09-07T03:15,진주,35.1800,128.1076,20.6,21.5,82,0.0,1
2026-09-07T04:21:26+09:00,2026-09-07T04:15,진주,35.1800,128.1076,20.3,21.3,84,0.0,1
2026-09-07T05:23:55+09:00,2026-09-07T05:15,진주,35.1800,128.1076,20.1,21.4,85,0.0,1
2026-09-07T06:22:30+09:00,2026-09-07T06:15,진주,35.1800,128.1076,19.9,21.2,86,0.0,0
2026-09-07T07:23:09+09:00,2026-09-07T07:15,진주,35.1800,128.1076,20.4,21.7,85,0.0,0
2026-09-07T08:22:17+09:00,2026-09-07T08:15,진주,35.1800,128.1076,22.0,23.1,80,0.0,0
2026-09-07T09:36:22+09:00,2026-09-07T09:30,진주,35.1800,128.1076,24.2,25.7,75,0.0,0
2026-09-07T10:23:52+09:00,2026-09-07T10:15,진주,35.1800,128.1076,25.1,27.3,72,0.0,0
2026-09-07T11:25:08+09:00,2026-09-07T11:15,진주,35.1800,128.1076,26.4,29.4,68,0.0,0
2026-09-07T12:25:53+09:00,2026-09-07T12:15,진주,35.1800,128.1076,27.4,30.8,64,0.0,0
2026-09-07T13:25:36+09:00,2026-09-07T13:15,진주,35.1800,128.1076,28.1,31.5,61,0.0,0
2026-09-07T14:24:25+09:00,2026-09-07T14:15,진주,35.1800,128.1076,28.6,31.6,60,0.0,0
2026-09-07T15:33:14+09:00,2026-09-07T15:30,진주,35.1800,128.1076,28.6,30.8,60,0.0,0
2026-09-07T16:27:40+09:00,2026-09-07T16:15,진주,35.1800,128.1076,28.1,30.3,61,0.0,0
2026-09-07T17:28:32+09:00,2026-09-07T17:15,진주,35.1800,128.1076,27.1,29.6,64,0.0,0
2026-09-07T18:28:01+09:00,2026-09-07T18:15,진주,35.1800,128.1076,25.1,27.5,71,0.0,0
2026-09-07T19:26:10+09:00,2026-09-07T19:15,진주,35.1800,128.1076,23.1,25.0,76,0.0,0
2026-09-07T20:25:55+09:00,2026-09-07T20:15,진주,35.1800,128.1076,22.0,23.5,78,0.0,0
2026-09-07T21:31:42+09:00,2026-09-07T21:30,진주,35.1800,128.1076,20.5,22.0,82,0.0,0
2026-09-07T22:27:35+09:00,2026-09-07T22:15,진주,35.1800,128.1076,19.5,20.8,84,0.0,0
2026-09-07T23:25:52+09:00,2026-09-07T23:15,진주,35.1800,128.1076,18.6,19.7,87,0.0,0
2026-09-08T00:25:27+09:00,2026-09-08T00:15,진주,35.1800,128.1076,18.1,19.0,88,0.0,0
2026-09-08T01:25:33+09:00,2026-09-08T01:15,진주,35.1800,128.1076,17.8,18.7,89,0.0,0
2026-09-08T02:24:03+09:00,2026-09-08T02:15,진주,35.1800,128.1076,17.3,18.2,91,0.0,0
2026-09-08T03:27:37+09:00,2026-09-08T03:15,진주,35.1800,128.1076,17.1,17.8,91,0.0,0
2026-09-08T04:23:03+09:00,2026-09-08T04:15,진주,35.1800,128.1076,17.0,17.6,91,0.0,0
2026-09-08T05:24:57+09:00,2026-09-08T05:15,진주,35.1800,128.1076,16.9,17.4,90,0.0,0
2026-09-08T06:24:22+09:00,2026-09-08T06:15,진주,35.1800,128.1076,16.5,17.3,91,0.0,0
2026-09-08T07:23:47+09:00,2026-09-08T07:15,진주,35.1800,128.1076,17.7,18.7,89,0.0,0
2026-09-08T08:22:53+09:00,2026-09-08T08:15,진주,35.1800,128.1076,19.9,21.0,83,0.0,0
2026-09-08T09:36:04+09:00,2026-09-08T09:30,진주,35.1800,128.1076,22.9,24.5,76,0.0,0
2026-09-08T10:24:32+09:00,2026-09-08T10:15,진주,35.1800,128.1076,24.5,27.1,72,0.0,0
2026-09-08T11:25:33+09:00,2026-09-08T11:15,진주,35.1800,128.1076,26.1,29.5,67,0.0,0
2026-09-08T12:25:43+09:00,2026-09-08T12:15,진주,35.1800,128.1076,27.2,30.8,62,0.0,0
2026-09-08T13:26:00+09:00,2026-09-08T13:15,진주,35.1800,128.1076,28.1,31.5,58,0.0,0
2026-09-08T14:24:41+09:00,2026-09-08T14:15,진주,35.1800,128.1076,28.4,31.7,59,0.0,0
2026-09-08T15:30:46+09:00,2026-09-08T15:30,진주,35.1800,128.1076,28.5,30.7,59,0.0,0
2026-09-08T16:26:36+09:00,2026-09-08T16:15,진주,35.1800,128.1076,28.0,30.0,59,0.0,0
2026-09-08T17:27:45+09:00,2026-09-08T17:15,진주,35.1800,128.1076,27.1,29.7,64,0.0,0
2026-09-08T18:26:32+09:00,2026-09-08T18:15,진주,35.1800,128.1076,25.1,28.2,74,0.0,0
2026-09-08T19:26:28+09:00,2026-09-08T19:15,진주,35.1800,128.1076,23.3,26.0,80,0.0,1
2026-09-08T20:24:59+09:00,2026-09-08T20:15,진주,35.1800,128.1076,22.3,24.4,81,0.0,0
2026-09-08T21:31:57+09:00,2026-09-08T21:30,진주,35.1800,128.1076,21.2,23.4,86,0.0,0
2026-09-08T22:27:30+09:00,2026-09-08T22:15,진주,35.1800,128.1076,20.5,22.5,88,0.0,0
2026-09-08T23:27:55+09:00,2026-09-08T23:15,진주,35.1800,128.1076,19.8,21.6,89,0.0,0
2026-09-09T00:27:57+09:00,2026-09-09T00:15,진주,35.1800,128.1076,19.2,20.8,90,0.0,0
2026-09-09T01:28:45+09:00,2026-09-09T01:15,진주,35.1800,128.1076,18.8,20.3,91,0.0,0
2026-09-09T02:25:28+09:00,2026-09-09T02:15,진주,35.1800,128.1076,18.9,19.8,88,0.0,0
2026-09-09T03:29:14+09:00,2026-09-09T03:15,진주,35.1800,128.1076,18.8,19.7,88,0.0,0
2026-09-09T04:24:13+09:00,2026-09-09T04:15,진주,35.1800,128.1076,18.9,19.9,89,0.0,1
2026-09-09T05:24:48+09:00,2026-09-09T05:15,진주,35.1800,128.1076,19.0,20.2,90,0.0,1
2026-09-09T06:22:56+09:00,2026-09-09T06:15,진주,35.1800,128.1076,19.2,20.0,87,0.0,0
2026-09-09T07:24:06+09:00,2026-09-09T07:15,진주,35.1800,128.1076,19.8,20.4,83,0.0,0
2026-09-09T08:22:58+09:00,2026-09-09T08:15,진주,35.1800,128.1076,21.1,21.2,76,0.0,0
2026-09-09T09:35:36+09:00,2026-09-09T09:30,진주,35.1800,128.1076,22.8,22.9,71,0.0,0
2026-09-09T10:25:42+09:00,2026-09-09T10:15,진주,35.1800,128.1076,23.6,24.4,69,0.0,0
2026-09-09T11:25:48+09:00,2026-09-09T11:15,진주,35.1800,128.1076,24.7,26.1,67,0.0,0
2026-09-09T12:25:36+09:00,2026-09-09T12:15,진주,35.1800,128.1076,25.6,27.1,65,0.0,1
2026-09-09T13:25:53+09:00,2026-09-09T13:15,진주,35.1800,128.1076,25.8,27.1,64,0.0,1
2026-09-09T14:24:50+09:00,2026-09-09T14:15,진주,35.1800,128.1076,25.3,25.9,64,0.0,1
2026-09-09T15:31:28+09:00,2026-09-09T15:30,진주,35.1800,128.1076,24.7,25.3,66,0.0,1
2026-09-09T16:26:55+09:00,2026-09-09T16:15,진주,35.1800,128.1076,23.9,24.4,70,0.0,1
2026-09-09T17:27:03+09:00,2026-09-09T17:15,진주,35.1800,128.1076,22.8,23.3,72,0.0,1
2026-09-09T18:27:02+09:00,2026-09-09T18:15,진주,35.1800,128.1076,21.7,22.1,74,0.0,1
2026-09-09T19:26:23+09:00,2026-09-09T19:15,진주,35.1800,128.1076,20.6,20.9,74,0.0,0
2026-09-09T20:25:34+09:00,2026-09-09T20:15,진주,35.1800,128.1076,19.6,19.8,75,0.0,1
2026-09-09T21:31:46+09:00,2026-09-09T21:30,진주,35.1800,128.1076,18.6,18.6,76,0.0,0
2026-09-09T22:28:11+09:00,2026-09-09T22:15,진주,35.1800,128.1076,18.2,18.3,78,0.0,0
2026-09-09T23:26:15+09:00,2026-09-09T23:15,진주,35.1800,128.1076,17.7,17.7,79,0.0,0
2026-09-10T00:26:01+09:00,2026-09-10T00:15,진주,35.1800,128.1076,17.2,17.2,80,0.0,0
2026-09-10T01:27:02+09:00,2026-09-10T01:15,진주,35.1800,128.1076,16.9,16.8,81,0.0,0
2026-09-10T02:24:41+09:00,2026-09-10T02:15,진주,35.1800,128.1076,16.5,16.2,81,0.0,0
2026-09-10T03:28:53+09:00,2026-09-10T03:15,진주,35.1800,128.1076,16.3,16.0,82,0.0,1
2026-09-10T04:23:20+09:00,2026-09-10T04:15,진주,35.1800,128.1076,15.8,15.3,83,0.0,1
2026-09-10T05:25:35+09:00,2026-09-10T05:15,진주,35.1800,128.1076,15.7,15.4,83,0.0,1
2026-09-10T06:23:06+09:00,2026-09-10T06:15,진주,35.1800,128.1076,15.8,15.5,84,0.0,1
2026-09-10T07:23:53+09:00,2026-09-10T07:15,진주,35.1800,128.1076,16.6,16.5,83,0.0,0
2026-09-10T08:22:57+09:00,2026-09-10T08:15,진주,35.1800,128.1076,18.5,18.5,78,0.0,0
